OBJECTID,GEOID10,NAME10,N_VERYHIGH,YEAR,HSI_SCORE,HEI_SCORE,HVI_SCORE,Shape__Area,Shape__Length
1,42101019000,190,0,2023,0.42896418,0.13028867,0.81180068,1350244.21875,5483.87473387171
2,42101019100,191,0,2023,1.44991395,2.20844908,1.44719978,2491484.7890625,7728.47075014006
3,42101019200,192,0,2023,3.69901212,1.70516711,3.06055838,1120759.42578125,5638.1481818065
4,42101019700,197,1,2023,6.63024907,2.76352581,5.06828282,768830.20703125,3791.74418903775
5,42101019800,198,1,2023,8.35759798,2.54929414,6.14958263,923440.6796875,4189.5178383324
6,42101019900,199,1,2023,7.47771338,2.80774432,5.44763124,1129508.2421875,4314.96256694531
7,42101020000,200,1,2023,9.65433588,-0.35485364,6.83660642,540305.859375,4048.13261115754
8,42101020200,202,1,2023,9.29013165,0.70113927,6.26712813,1291571.7734375,5104.43391016897
9,42101020300,203,1,2023,9.01513067,1.36307213,6.31553839,867222.25390625,5262.76004869772
10,42101020400,204,0,2023,6.1834705,1.29694825,4.387879,695455.90625,3715.32612290067
11,42101020500,205,1,2023,7.44190205,2.00178719,5.193561,2439908.4140625,6895.62367753543
12,42101002500,25,0,2023,-4.97923531,-1.17373777,-3.42750964,678879.6484375,3420.36199145849
13,42101002900,29,0,2023,-6.20002598,-0.52309164,-3.86799758,630349.109375,3759.95127192938
14,42101003100,31,0,2023,2.40569224,-0.090013,1.92836717,674166.73046875,3296.37047078166
15,42101005000,50,0,2023,,,,13955531.7539063,19078.6996228956
16,42101005400,54,0,2023,1.15288381,-0.13807682,-0.13232393,4068454.5546875,9787.62534631282
17,42101005500,55,0,2023,1.11547862,-0.28463935,0.3286635,2008105.97265625,8110.38501696759
18,42101005600,56,0,2023,6.79278591,-0.87117252,3.99302754,1429776.0546875,4686.59175741228
19,42101006000,60,0,2023,5.37028054,0.49120677,3.4491287,1858494.25390625,5650.72961826321
20,42101006100,61,0,2023,2.69914964,0.67077349,1.69894745,897740.75,4079.00349950751
21,42101006200,62,0,2023,4.49332675,-1.14663135,3.11958731,867390.75,3761.392875698
22,42101006300,63,0,2023,5.68261492,1.04080244,3.77470859,945839.53515625,4622.23364200879
23,42101010000,100,0,2023,3.18045089,-0.34144315,2.22400279,847363.26171875,4340.68729780935
24,42101010100,101,0,2023,3.67840006,-0.27945904,2.66975818,1025320.43359375,4126.77529232815
25,42101010200,102,1,2023,8.97061086,1.05096345,6.23263336,614691.11328125,3212.65961893169
26,42101010300,103,0,2023,5.97105533,0.16352973,4.15238754,479455.8515625,3111.36730615815
27,42101010400,104,1,2023,8.16801877,1.48073848,5.50361611,806354.890625,4269.75772110373
28,42101010500,105,1,2023,12.17763897,4.44473772,8.16633932,1121039.54296875,5393.73005368987
29,42101010600,106,1,2023,8.79722989,2.83967899,5.855747,452442.94921875,3150.92247206559
30,42101010700,107,1,2023,8.26701533,0.52280538,5.54068649,784907.42578125,4049.59322015056
31,42101010800,108,0,2023,6.18840548,0.68745838,4.00375609,998249.38671875,4921.31150413629
32,42101010900,109,0,2023,5.76739832,0.00360731,3.86573953,422949.48828125,2769.32126643098
33,42101011000,110,1,2023,9.30836101,1.88498973,6.14588755,806161.359375,4411.08595343312
34,42101011100,111,0,2023,6.75302443,0.17145418,4.55289406,2218687.7421875,6751.45502903193
35,42101011200,112,0,2023,4.96056384,-0.00587793,3.56234585,857810.671875,3710.62350915926
36,42101011300,113,0,2023,4.82835374,0.72562932,3.4473866,571021.8515625,3196.59220759814
37,42101011400,114,0,2023,4.02266192,0.05013526,2.64533468,1658933.58203125,5544.26502659636
38,42101015700,157,0,2023,-2.88190386,-0.28890054,-1.65742845,827279.45703125,3734.87347329397
39,42101015800,158,0,2023,-9.88573765,-1.77470502,-6.43915309,989080.765625,4186.20336489578
40,42101016000,160,0,2023,-8.7465971,-1.12615626,-5.63139428,1229118.2890625,4440.0008964416
41,42101016100,161,0,2023,-2.54120969,-0.59210764,-1.51715542,1206658.24609375,4596.32855655079
42,42101016200,162,1,2023,8.50329972,2.46011769,5.67834684,622401.08203125,3719.00690409361
43,42101016300,163,1,2023,8.95607266,4.04357543,6.15582963,975885.328125,4326.89418710351
44,42101016400,164,1,2023,7.49716517,3.18771664,5.2485502,827289.7265625,3639.43755733501
45,42101016500,165,1,2023,11.20614152,2.38694277,7.45237966,673228.53515625,3799.97965732691
46,42101020600,206,0,2023,-4.12398604,-0.79985127,-3.10798444,2309274.33984375,6123.43004376201
47,42101001300,13,0,2023,-8.55436745,-2.48323636,-5.3838022,1325227.98046875,4944.65182313082
48,42101001400,14,0,2023,-6.32696474,-2.77156096,-4.00174506,537949.4296875,3411.33241374521
49,42101001500,15,0,2023,-8.60858528,-2.31237044,-5.68063522,407721.23828125,3550.45121685881
50,42101001600,16,0,2023,-12.47495621,-2.95395549,-8.14584427,334461.875,2613.19667091953
51,42101001700,17,0,2023,-12.0739816,-2.67400914,-8.14947144,377247.375,3059.97082380483
52,42101001800,18,0,2023,-8.22806945,-2.67225453,-5.39065542,413018.609375,3598.09768825176
53,42101001900,19,0,2023,-9.833807,-3.12685664,-6.25537452,559207.13671875,3443.02153314813
54,42101002000,20,0,2023,1.66425579,-1.29539323,1.47337343,492808.17578125,2882.53288833786
55,42101002100,21,0,2023,0.50226232,-1.48142859,0.63922385,404494.7578125,2580.85847126334
56,42101002200,22,0,2023,-3.18329765,-1.65846891,-1.76931792,389460.07421875,2518.89479262825
57,42101002300,23,0,2023,-6.8844025,-1.19357932,-4.36277917,361622.2734375,2771.14237965207
58,42101002400,24,0,2023,-7.10761774,-1.38230792,-4.46261617,911770.2734375,4810.55436155404
59,42101034803,348.03,0,2023,-7.83004182,-0.35861868,-5.68446842,2186876.42578125,6444.13059781319
60,42101034702,347.02,0,2023,-7.55848159,-0.59141518,-5.31161108,1715277.59765625,7851.49628689116
61,42101036202,362.02,0,2023,-7.26268997,-0.02255419,-5.1634878,1912946.4921875,7692.27214239644
62,42101003800,38,0,2023,-7.21922072,0.14799749,-4.41885758,1853089.359375,5678.98774971558
63,42101008302,83.02,0,2023,5.88360815,0.83235034,4.33527635,724556.41015625,4138.71176012725
64,42101017602,176.02,1,2023,7.86657702,3.83026485,5.65296057,679736.80078125,4217.96167461408
65,42101001002,10.02,0,2023,-10.42964227,-2.0904977,-7.19923183,803385.4296875,3636.74589019786
66,42101001001,10.01,0,2023,-8.11746497,-1.1670822,-5.63483554,390784.86328125,2942.0811065771
67,42101000402,4.02,0,2023,-7.40431761,-0.85584806,-4.64425806,517424.4375,3547.05489952626
68,42101000401,4.01,0,2023,-4.73594266,-1.87442882,-2.83314834,397807.4609375,2733.4485366791
69,42101012204,122.04,0,2023,2.64432417,1.21246289,1.48796218,1586564.92578125,7693.70591309805
70,42101012203,122.03,0,2023,-1.38069512,-1.01286939,-0.93795401,382401.1328125,3146.22328055286
71,42101013602,136.02,0,2023,-8.7429866,-2.94643461,-5.71924044,400065.50390625,3037.05845139952
72,42101034501,345.01,0,2023,2.03015279,2.78355535,1.11866576,764761.328125,4405.40981718333
73,42101034502,345.02,0,2023,-2.88181996,1.17804905,-2.07154669,1750243.140625,6612.91453166149
74,42101001102,11.02,0,2023,-8.03080815,-4.3500457,-5.44414009,347621.13671875,2400.13942278894
75,42101000902,9.02,0,2023,-4.51080536,-0.75065541,-3.09328461,264276.91796875,2285.45366083681
76,42101000901,9.01,0,2023,-7.29553761,-4.46403735,-4.59719108,179724.00390625,1726.92486455084
77,42101017201,172.01,1,2023,6.26142049,1.19159213,4.57466282,448625.9140625,3333.14348551283
78,42101017202,172.02,1,2023,8.81017458,2.15657226,6.12417509,495704.828125,3134.96838979466
79,42101027401,274.01,0,2023,4.23142419,1.59801972,3.1936553,557996.66796875,4420.70446576442
80,42101020101,201.01,1,2023,7.5203455,1.69746346,5.08683161,825115.44921875,4116.54706381012
81,42101020102,201.02,0,2023,5.18144283,0.29444258,3.86914492,636788.3515625,3460.11557500992
82,42101031101,311.01,0,2023,3.45392363,1.00760157,2.80558145,597196.98828125,3252.58382778243
83,42101031102,311.02,0,2023,2.27985982,-0.54717253,1.89165657,680049.99609375,3855.25579136361
84,42101019502,195.02,0,2023,5.66103864,3.90705775,4.34101113,631817.765625,3722.36934856475
85,42101019501,195.01,1,2023,6.77119038,3.62792157,5.06818721,672001.69921875,3868.21543228085
86,42101028901,289.01,0,2023,3.06091543,1.60355997,2.50985308,1019428.5546875,5797.23557582524
87,42101028902,289.02,0,2023,4.64236344,2.00449695,3.10015333,1323628.17578125,6754.31222079367
88,42101033101,331.01,0,2023,-8.44696377,-1.44882526,-5.56604056,831744.62109375,4031.71953525056
89,42101033102,331.02,0,2023,-4.91510744,-0.4115111,-3.44987343,1262087.48046875,4644.02314057551
90,42101031501,315.01,0,2023,-5.60483356,0.02354857,-3.64443872,1002984.57421875,4231.50777142532
91,42101016600,166,0,2023,2.82311411,0.08649377,1.95462514,445350.54296875,3331.80303677317
92,42101016800,168,1,2023,7.42672488,1.29473197,4.94491413,991501.46484375,4375.75959451503
93,42101003901,39.01,0,2023,-3.66602202,0.09885446,-1.78685826,715618.34375,3609.69562460844
94,42101016902,169.02,1,2023,9.57429375,1.72604257,6.54923542,961568.03125,4067.20933436082
95,42101009400,94,1,2023,9.66567484,1.51102985,6.75932667,624994.62890625,3197.79786487727
96,42101009500,95,1,2023,7.16661207,0.5775904,5.17092072,543807.7578125,3306.35729247452
97,42101009600,96,0,2023,6.04720884,0.99959022,4.32985139,690816.71484375,3398.14701956584
98,42101013800,138,0,2023,4.02653601,-0.25163549,2.68470698,581822.5625,3471.42556034246
99,42101013900,139,0,2023,6.36047599,2.6476701,4.08491594,959714.67578125,4676.78119489706
100,42101014000,140,0,2023,1.6663525,0.18024401,1.20738929,749565.65234375,3464.15424550602
101,42101014100,141,0,2023,6.57597642,2.62702947,4.49338077,958246.6953125,4743.71156698013
102,42101014200,142,0,2023,-11.2844669,-3.45063836,-7.34782204,1711259.12890625,6894.38129192307
103,42101014300,143,0,2023,-7.42209978,-2.96520871,-4.82698688,1410379.953125,6071.94323018246
104,42101014400,144,0,2023,-0.1741944,-0.95942956,0.10305075,1038906.65234375,4315.94853154732
105,42101014500,145,0,2023,6.14987738,0.33762124,4.02905455,548061.77734375,2987.22161897946
106,42101014600,146,0,2023,0.57496728,-1.05634448,0.5199169,758770.125,3621.68530754358
107,42101014700,147,0,2023,-0.44418246,-1.77863245,-0.21318241,575856.828125,3078.46754673068
108,42101014800,148,1,2023,12.45080249,-0.18712626,8.1449934,325910.73046875,2365.76829042227
109,42101014900,149,1,2023,10.36425445,1.8754434,6.9292799,772798.1328125,4444.96756464854
110,42101015200,152,1,2023,9.03177737,0.54474965,5.88843074,1137219.40234375,4764.5460516266
111,42101015300,153,0,2023,-0.00473199,-1.7689768,0.11578412,800105.6328125,3574.20573768298
112,42101015600,156,0,2023,4.64997576,2.50972859,3.13279226,732510.31640625,3525.76535466985
113,42101024300,243,0,2023,4.36075713,-0.68091672,2.63737427,1159199.6875,4444.00181933812
114,42101024400,244,0,2023,5.14905228,0.38257505,3.39047676,719108.640625,3470.05570292303
115,42101024500,245,1,2023,9.98225085,0.94634233,6.42501621,1369869.07421875,6427.93759270228
116,42101024600,246,1,2023,7.14257559,1.01815021,4.58113627,1061163.90625,5627.97731003671
117,42101024700,247,0,2023,5.33471366,0.81770917,3.36539172,1608527.43359375,5454.90209111734
118,42101024800,248,0,2023,4.00386901,0.1628602,2.59541402,545403.73828125,3534.52586508658
119,42101024900,249,1,2023,7.89562211,1.06967593,5.41904008,555655.03515625,3360.26803845507
120,42101025200,252,0,2023,6.22317403,1.01858778,3.91752796,1627057.6875,5070.40280118313
121,42101025300,253,0,2023,3.17034096,-0.67660502,1.8319051,993383.72265625,4286.9384418268
122,42101025400,254,0,2023,1.80034867,-0.79273655,0.88853604,1315614.7890625,4930.11056265957
123,42101025500,255,0,2023,-1.61465579,-1.40841981,-1.6571005,1310273.29296875,5105.06525545009
124,42101025600,256,0,2023,-4.64751202,-0.83203316,-3.85072392,1482193.17578125,5067.14576724594
125,42101028300,283,0,2023,6.42291451,0.35600374,4.44490841,1149210.45703125,4469.55746606832
126,42101028400,284,0,2023,4.55850125,0.79937001,3.25400324,816562.4296875,4252.90326687977
127,42101028500,285,0,2023,5.79270016,1.55862425,4.33666991,471838.0859375,3515.17522352635
128,42101028600,286,0,2023,4.82427688,0.86424491,3.64016009,1227029.92578125,4884.56429961416
129,42101028700,287,0,2023,2.44878049,1.1081796,2.28152959,576148.41015625,3180.58541452496
130,42101980200,9802,0,2023,0.62967548,5.16205097,-0.59510669,9217291.44921875,34837.6763396353
131,42101034400,344,0,2023,-6.55286789,-0.04382143,-4.99675927,5879772.37890625,11508.3490042477
132,42101034600,346,0,2023,-2.49669667,-0.05127715,-1.70593847,3180374.18359375,7224.27123306707
133,42101006400,64,0,2023,3.41675914,0.29892636,2.07764358,1110996.5390625,5213.19991074162
134,42101006500,65,0,2023,5.86298113,0.07110632,3.46478903,1940776.49609375,9302.16137467486
135,42101006600,66,1,2023,10.17698716,1.5015779,6.82149103,1108895.0859375,4449.31074302989
136,42101036301,363.01,0,2023,-6.05339504,0.07948536,-4.16559341,4070232.39453125,9079.0910404888
137,42101036400,364,0,2023,4.17299245,6.10310525,2.21460479,7685279.76953125,14390.7724822067
138,42101036600,366,0,2023,-8.41825679,-2.20286789,-5.74998903,4168056.1796875,12166.4442333733
139,42101030501,305.01,0,2023,2.48864311,0.12762737,2.06606996,644669.87109375,3603.46462035798
140,42101030502,305.02,0,2023,2.68404999,0.50139498,1.85237506,1194245.921875,4837.67671879901
141,42101028800,288,0,2023,5.44371762,2.41256481,4.18299397,774121.83984375,3816.16968173687
142,42101029000,290,0,2023,4.4174485,1.36945007,3.04227399,1433513.76171875,5332.99139080575
143,42101029100,291,1,2023,6.58968302,2.82218052,4.77612569,2267004.48828125,8061.01263223801
144,42101033500,335,0,2023,-0.17659572,0.96480757,0.16544898,1611021.37890625,5676.37931222109
145,42101033600,336,0,2023,-5.07426893,-0.42277805,-3.39337572,1980224.98046875,5515.85702888722
146,42101033800,338,0,2023,-4.68377174,0.19674651,-3.26311024,2393099.15625,6566.85971995106
147,42101033900,339,0,2023,-3.91408207,0.56584359,-3.03022645,1960118.1953125,5945.20541970191
148,42101034000,340,0,2023,-4.87949927,0.75950525,-3.61475994,1303048.625,5199.46680684499
149,42101034100,341,0,2023,-7.54371691,-1.44589209,-5.31871526,2313720.46484375,6115.27467280271
150,42101034200,342,0,2023,-3.16453079,1.71768171,-2.74743848,1653634.296875,6571.57424057115
151,42101016901,169.01,0,2023,6.44502624,0.13402316,4.3998775,874893.74609375,3908.43228184524
152,42101020700,207,0,2023,-8.36221877,-2.64970536,-5.93562653,2586516.6328125,7806.87317246502
153,42101020800,208,0,2023,-3.38681938,-1.60258366,-2.96694374,1505192.203125,7761.80430813551
154,42101020900,209,0,2023,-10.5012246,-2.67349761,-7.28989168,933357.140625,5261.1554388147
155,42101021000,210,0,2023,-8.90730909,-2.1651023,-6.10906104,1548372.08984375,5818.54663062822
156,42101021100,211,0,2023,-8.92474696,-1.39896993,-6.2309986,937304.3359375,4993.59355065163
157,42101021200,212,0,2023,-8.62589788,-1.51331866,-6.1590472,880753.5390625,3822.84770910539
158,42101021300,213,0,2023,-10.22109681,-1.98481718,-7.00832231,920160.16796875,4470.73475225137
159,42101021400,214,0,2023,-9.59072592,-2.99208973,-6.58957145,1123958.52734375,4560.67609531463
160,42101021500,215,0,2023,-11.2111259,-2.28214781,-7.95001958,1773741.8125,7042.29722001619
161,42101021600,216,0,2023,-8.01363014,-2.13879627,-6.06767138,3577751.546875,9376.06362827515
162,42101024100,241,1,2023,9.44555552,3.72948228,6.17502225,696497.640625,3463.7740215425
163,42101024200,242,0,2023,6.07872087,-0.72244302,3.86247921,908497.3515625,3883.46452324414
164,42101004201,42.01,0,2023,-6.01187803,-0.33698218,-3.7052089,615624.484375,3209.41198998041
165,42101007900,79,0,2023,-6.41184143,-2.53368223,-4.28681928,643945.8046875,3440.15879694337
166,42101008000,80,0,2023,3.12739947,-1.05936723,2.33363595,733424.859375,3406.4715801543
167,42101008200,82,0,2023,4.74809351,0.68850287,3.19911036,1438214.671875,4780.98059024168
168,42101017601,176.01,1,2023,10.24000777,4.46384621,7.18890088,991242.1875,4461.47105269937
169,42101008301,83.01,1,2023,7.70030661,2.07474453,5.10387584,881873.0390625,4340.63414377369
170,42101008400,84,0,2023,5.10465616,0.29783097,3.97728947,854982.26171875,3701.49813141015
171,42101008500,85,0,2023,5.86310667,0.93516625,4.42433583,1058875.08203125,4129.12494699977
172,42101009000,90,0,2023,-6.6094646,-2.55654677,-4.43436056,743322.890625,3733.1174094218
173,42101009100,91,0,2023,3.17898048,0.18217011,2.15760116,725224.47265625,3375.60578078992
174,42101009200,92,0,2023,4.47797124,-0.90402976,2.98769394,872537.34765625,3975.32502155077
175,42101009300,93,0,2023,4.99367951,-0.55266034,3.53782131,684354.37890625,3517.50105372757
176,42101006700,67,0,2023,5.23402559,-0.87083234,3.41372228,1706382.08203125,5306.67800618849
177,42101006900,69,1,2023,8.98156156,0.9866651,5.55742973,1382492.59765625,6100.31372719275
178,42101007000,70,0,2023,5.11689537,1.23952882,3.60845026,799708.6484375,3625.23130046285
179,42101007200,72,1,2023,7.52756862,1.36692659,5.17391425,856105.85546875,3947.03763611043
180,42101007300,73,0,2023,2.79728999,-0.19967873,2.06146756,659489.015625,3857.48141154352
181,42101007400,74,0,2023,5.61917493,-0.03322367,3.87516187,1150582.1953125,4609.3493293111
182,42101007700,77,0,2023,-2.03748896,-2.59046509,-1.43586507,548542.171875,3898.60544772224
183,42101007800,78,0,2023,-3.14393964,-2.09519232,-2.1720773,728073.40234375,3615.8437902255
184,42101011500,115,0,2023,0.71188849,-1.30900086,0.53101217,631735.109375,3196.49576541398
185,42101011700,117,0,2023,-3.79168156,-1.8381249,-2.94766608,1117951.2265625,4731.60704640904
186,42101011800,118,0,2023,4.41695081,0.53067949,3.01954,1560700.3046875,7042.46133726008
187,42101011900,119,0,2023,6.03092337,0.11140392,3.94893557,1178591.75390625,5578.06730184994
188,42101012000,120,0,2023,-2.29431601,-1.54763806,-2.01963048,1024355.44140625,4090.56913496656
189,42101012100,121,0,2023,3.35764747,0.7830894,1.73727201,1502547.45703125,5607.91651424459
190,42101012500,125,0,2023,-6.90818475,-2.64001365,-4.59221175,1552850.30078125,6987.08734132355
191,42101013100,131,0,2023,0.50788517,-0.34554995,0.25182253,549181.8671875,2974.72104639686
192,42101013200,132,0,2023,5.68615462,1.71218442,3.78086753,727217.1953125,3428.85742936636
193,42101013300,133,0,2023,-2.79783709,-3.07432538,-1.57147599,610072.26171875,3467.7339596011
194,42101013500,135,0,2023,-6.34228214,-2.09687801,-4.15433836,690216.046875,3555.76844834348
195,42101013700,137,0,2023,2.29314448,-1.92616775,1.71596109,1005421.1796875,4062.70201064666
196,42101017000,170,0,2023,-0.19281842,-0.75953773,-0.17989224,2764059.00390625,7709.55002437568
197,42101017100,171,0,2023,5.71032676,0.44910927,3.79060398,1946094.48046875,6674.44190309329
198,42101029200,292,0,2023,1.52347552,0.68670803,0.6965317,3007188.18359375,10492.4215989976
199,42101029300,293,0,2023,4.45463492,1.39400547,3.26336278,1170180.546875,5462.49732015672
200,42101029400,294,1,2023,7.127228,3.72393719,5.05721919,1105363.72265625,4614.24910215665
201,42101029800,298,0,2023,2.14233856,-0.22284455,1.52665878,1109324.09765625,4526.82753696193
202,42101033300,333,0,2023,-2.0237078,2.14880384,-1.38623476,1780308.28515625,6239.17332830454
203,42101033400,334,0,2023,-0.42381666,2.02185908,-0.03602686,2089784.19921875,6987.49592587382
204,42101000600,6,0,2023,-10.3259091,-4.32954264,-6.59014617,294162.078125,3081.85519718307
205,42101000700,7,0,2023,-7.7236078,-2.72198568,-4.79239943,436441.4765625,4354.05143401093
206,42101003200,32,0,2023,5.01474084,0.91132183,3.64611538,837344.1171875,3661.94559965747
207,42101003300,33,0,2023,3.23822585,0.72305153,2.34574849,1972678.9296875,7025.49415472903
208,42101003600,36,1,2023,7.2313356,2.16048118,5.02174378,1643001.9375,6485.51821515772
209,42101003701,37.01,0,2023,2.15061586,0.00997921,1.94928746,605484.515625,3324.62866269411
210,42101003702,37.02,0,2023,1.72045115,0.72802452,1.69042358,421323.1328125,3093.56860747065
211,42101004101,41.01,1,2023,6.22377134,2.95590763,4.6,636636.875,3206.80181035171
212,42101004002,40.02,0,2023,-5.88119956,0.10869246,-3.32417016,586915.375,3068.18277562284
213,42101003902,39.02,0,2023,-7.45346533,-0.07441019,-4.6506281,772269.5078125,3875.49674486853
214,42101004001,40.01,0,2023,-3.96212407,0.72159735,-2.07256281,536194.51953125,2905.81506736782
215,42101004102,41.02,0,2023,2.89792029,2.36241108,2.31169899,666987.79296875,3280.10917749386
216,42101004202,42.02,0,2023,-2.87621651,1.19532431,-1.5976083,771637.1796875,3556.38138508729
217,42101030700,307,0,2023,-1.63281873,0.03490741,-1.2010623,1123547.8125,4803.74720291825
218,42101030800,308,0,2023,-3.41256512,0.42268401,-2.43926329,1359768.7890625,4844.34959493469
219,42101030900,309,0,2023,0.93129382,0.68936596,0.72747124,1101671.70703125,4846.96888533013
220,42101031000,310,0,2023,-0.30127038,1.2012064,-0.09929078,1816893.2890625,5424.75339449807
221,42101031200,312,0,2023,2.44476551,0.49419949,1.93575128,734108.21484375,4128.18910894321
222,42101031300,313,0,2023,2.25547435,1.85365189,1.76486675,1214693.74609375,4647.28961208434
223,42101031600,316,0,2023,-3.02503984,0.49379454,-1.80532824,1219310.953125,4663.96358422532
224,42101031700,317,0,2023,-1.89858497,-0.32706743,-1.20120269,1505491.9453125,4993.8258321385
225,42101036303,363.03,0,2023,-8.78542091,-0.37911776,-6.4361233,4311648.7890625,10065.8748059555
226,42101034701,347.01,0,2023,-3.30902691,0.23440296,-2.38796713,1931993.22265625,6712.18398684719
227,42101034802,348.02,0,2023,-4.30576467,-0.86618162,-3.20515423,2119720.95703125,6153.43477856894
228,42101033702,337.02,0,2023,-3.34928824,0.85596096,-2.50833257,1806209.55859375,8100.57146753595
229,42101031502,315.02,0,2023,-0.73691768,1.03740422,-0.34715561,987216.3671875,4370.82700133596
230,42101031401,314.01,0,2023,1.87026192,2.02340605,1.64234557,1016242.17578125,4430.71920914946
231,42101031402,314.02,1,2023,3.46606962,2.50783342,4.56,963903.5078125,4399.05976513132
232,42101016701,167.01,1,2023,7.03202551,0.89317313,4.78018553,433321.68359375,3215.22180895992
233,42101016702,167.02,1,2023,7.23274392,1.19055261,5.02673057,605694.61328125,3326.52756451634
234,42101017300,173,1,2023,9.69385722,0.03571326,6.67063689,1492162.40234375,5638.26945712479
235,42101017400,174,1,2023,8.06034327,2.02866019,5.50620408,603870.32421875,3097.31562103564
236,42101017500,175,1,2023,8.55741462,4.18198742,6.06518313,1238756.30859375,4844.33793325215
237,42101017800,178,0,2023,3.27572665,1.99936264,2.44417458,1130609.05859375,4772.17993714497
238,42101017900,179,0,2023,0.33656496,0.43356899,0.40420539,1217754.12890625,5210.83559348814
239,42101018300,183,0,2023,-9.29177364,-0.44170863,-6.26284237,3314647.22265625,9430.2734246639
240,42101018400,184,0,2023,-8.19821994,-1.20174478,-5.32470007,3819744.28125,10492.8950500178
241,42101018800,188,0,2023,4.00764364,1.74887702,3.08242923,1131692.38671875,4472.19139422386
242,42101021700,217,0,2023,-8.65886379,-0.95053871,-6.31351073,2664098.8984375,7134.52573784263
243,42101021800,218,0,2023,-5.24520303,-2.55554209,-4.17594214,1747890.9921875,7317.19706892714
244,42101021900,219,0,2023,-8.90140506,-1.72213918,-6.94340163,2502382.98828125,8270.92423518146
245,42101022000,220,0,2023,-5.6111782,0.80161304,-4.87365023,5193617.70703125,10387.2780044059
246,42101980100,9801,0,2023,-6.62296735,-0.17931901,-5.58091181,10070131.1835938,39507.9518002768
247,42101023100,231,0,2023,-11.21999072,-1.50078434,-8.35368055,1248959.1875,6000.84685368142
248,42101023500,235,0,2023,-6.14693677,-0.7627581,-5.0582113,1363980.0703125,8466.67870200459
249,42101023600,236,0,2023,-4.63893358,-0.56535793,-3.90475557,1670788.21875,6108.56397064046
250,42101023700,237,0,2023,-1.87278541,-0.99117371,-1.87257159,1833159.6875,5919.67877817884
251,42101023800,238,0,2023,-0.8443749,-1.2336789,-1.02045609,1335081.125,4774.64594762814
252,42101023900,239,0,2023,3.08195652,-0.16779568,1.25171322,834672.2578125,4070.86290433509
253,42101024000,240,0,2023,-1.57671169,-1.44795695,-1.31303122,1053656.0625,4342.36258997807
254,42101025700,257,0,2023,-4.09968941,-1.77557928,-3.24000514,1276064.02734375,4540.9809135098
255,42101025800,258,0,2023,2.58723726,-0.192566,1.1789954,1002377.33984375,4035.19942343701
256,42101025900,259,0,2023,3.25973279,-1.12199903,2.18922654,939823.640625,3896.32544178618
257,42101009802,98.02,0,2023,1.29884016,-1.40562125,0.73484394,1019775.43359375,5776.94200235367
258,42101018001,180.01,0,2023,-6.50889673,-0.81669272,-4.32601905,660550.37109375,3489.27724962693
259,42101017702,177.02,1,2023,8.60915257,3.88763228,6.17916403,834701.0859375,3897.49138966516
260,42101017701,177.01,0,2023,4.78651389,1.59638104,3.73703533,411106.078125,3092.91865199571
261,42101035602,356.02,0,2023,-6.96324991,0.00169271,-5.04819312,2390185.6171875,6531.87022407323
262,42101035701,357.01,0,2023,0.12311925,2.35217583,-0.19079626,1025800.7265625,5242.54549232861
263,42101035702,357.02,0,2023,-2.21519876,1.46877327,-2.0293248,2668427.78125,6806.71001697913
264,42101035601,356.01,0,2023,-2.70217909,2.66717482,-2.29852689,3494309.40234375,7771.77095047047
265,42101015101,151.01,1,2023,7.73903818,0.84419206,5.1738151,329305.83984375,2527.61028201842
266,42101015102,151.02,1,2023,9.31603306,2.33306106,6.11393485,952993.953125,3922.435916455
267,42101036501,365.01,0,2023,-4.37498392,0.87779564,-3.42282251,3119890.49609375,7132.36476256854
268,42101980400,9804,0,2023,,,,5056502.00390625,13028.956048312
269,42101013402,134.02,0,2023,-9.52878964,-4.01666762,-6.29920879,406704.23046875,2588.71114445921
270,42101013401,134.01,0,2023,-8.44248452,-0.82600986,-5.56529787,280806.90625,2311.70940188584
271,42101013601,136.01,0,2023,-11.09812863,-2.85289838,-7.27615146,285724.11328125,2467.79614265228
272,42101037900,379,0,2023,-5.72071412,0.57896409,-3.66966892,2344655.44921875,7387.91590558607
273,42101038200,382,0,2023,0.31718455,-0.1078215,0.57571673,3163702.23828125,9683.00829347096
274,42101038000,380,0,2023,-2.16011838,0.87471064,-1.16524097,1492319.8203125,6210.07470004695
275,42101038100,381,0,2023,0.13138155,0.19188446,0.04974259,8465076.12890625,17175.4507636152
276,42101038400,384,0,2023,-7.29728842,-0.03620697,-5.8521923,3880814.8984375,13719.4883976582
277,42101000100,1,0,2023,-11.40280698,-3.31446979,-7.51458514,1202256.62109375,4528.07858447924
278,42101000200,2,0,2023,0.72417105,-0.71934574,0.94675523,651654.75,3688.95896471245
279,42101000300,3,0,2023,-8.37053294,-2.10359515,-5.43949107,931965.453125,5040.14898562576
280,42101000500,5,0,2023,-2.02628325,-2.14378573,-0.96403119,730542.48828125,4003.46571785933
281,42101027901,279.01,0,2023,4.26503789,0.42491389,3.02559228,710357.37890625,3520.48104659025
282,42101027902,279.02,0,2023,-0.52604206,-1.36006786,-0.56705797,1517060.2734375,5659.70301161396
283,42101008101,81.01,1,2023,6.42926026,1.02034713,4.57457417,415214.1171875,2830.62273781765
284,42101007102,71.02,1,2023,6.89504031,0.83789355,4.77106429,708100.4765625,3431.93594453045
285,42101008802,88.02,0,2023,0.34476199,-4.779247,0.40552242,671388.234375,3891.89630000101
286,42101008702,87.02,0,2023,-6.45865976,-3.70110298,-4.15147855,483125.76953125,3224.621315884
287,42101008701,87.01,0,2023,-7.10214075,-2.60068223,-4.63154884,442189.40625,3323.98013568838
288,42101008102,81.02,1,2023,7.66404911,0.89388396,5.67833423,617581.46875,3182.70477630921
289,42101008602,86.02,0,2023,3.05050045,-0.81322428,2.40395342,629041.4296875,3458.89243488676
290,42101037500,375,0,2023,-3.36676338,-1.69480065,-2.74632908,1746518.87109375,7810.52634984585
291,42101000801,8.01,0,2023,-9.82990268,-4.21202411,-6.49776845,195652.5546875,1876.82521325263
292,42101001101,11.01,0,2023,-7.36243613,-3.01530117,-4.92075212,296381.08203125,2191.76409566316
293,42101027402,274.02,0,2023,2.88940039,0.42581362,2.37208838,873359.2109375,4877.74658061917
294,42101008601,86.01,0,2023,-4.23053296,-2.76764591,-2.70721027,430148.1640625,3236.99844307604
295,42101036502,365.02,0,2023,-8.86551348,-0.53329857,-6.4652541,2903832.37109375,9196.56570670577
296,42101036700,367,0,2023,-8.85752264,-4.17754242,-5.60115907,1365371.1015625,4905.45339775626
297,42101037600,376,0,2023,-1.70753582,-2.09725277,-0.80294335,1222412.40625,4704.67804305323
298,42101038600,386,0,2023,-7.64806685,-1.10899113,-6.17628087,5731720.46484375,15895.5719017737
299,42101038500,385,0,2023,-7.72181119,-1.11748335,-6.10957956,2327443.359375,9604.54391871473
300,42101038700,387,0,2023,-7.04220032,-0.80341072,-5.65236441,3551082.95703125,9532.7648784079
301,42101038800,388,0,2023,-5.708013,-1.16144462,-4.62366484,2385714.140625,7154.06783038677
302,42101038900,389,0,2023,4.58530435,0.77122787,2.66974708,2188191.484375,6279.72648736557
303,42101980000,9800,0,2023,-10.7981167,-3.88186471,-7.906208,17807735.7148438,27694.5816370217
304,42101026900,269,0,2023,2.04065352,1.05189435,1.09468156,1058542.30859375,4291.99953203626
305,42101027000,270,0,2023,1.86655006,-0.94431984,1.08439635,1097240.67578125,4220.57302355125
306,42101027100,271,0,2023,4.07335333,1.90537821,2.89754164,707616.578125,3808.96837599547
307,42101027200,272,0,2023,1.55019072,-0.9173615,1.05183544,1161026.703125,4781.15851826793
308,42101027300,273,0,2023,1.21101709,-0.04686752,1.14237481,1623000.12109375,5778.83663979671
309,42101027500,275,0,2023,1.83150084,-0.48695974,1.3817359,1040273.2734375,4868.03003367602
310,42101027600,276,0,2023,4.09851278,-0.70356211,3.03001898,1128548.91796875,4272.29680225588
311,42101027700,277,1,2023,8.4895359,2.65635627,5.90033564,926676.28515625,5019.45736144122
312,42101027800,278,0,2023,5.793403,1.07039539,4.15577353,1238000.63671875,5361.01802524405
313,42101034900,349,0,2023,-2.15961143,-0.18587325,-1.82950313,3320927.796875,8422.36182451763
314,42101035100,351,0,2023,-4.07033936,1.68730564,-3.20286636,2496773.6015625,6651.29486203353
315,42101035200,352,0,2023,-7.08847248,-0.63504011,-5.33539767,3182490.40234375,8126.76833815338
316,42101035301,353.01,0,2023,-8.4339832,-0.96991377,-6.14200512,2413661.1484375,6376.7967210898
317,42101026301,263.01,0,2023,4.12907415,-0.02371847,2.90872358,695282.72265625,3407.36068410124
318,42101000804,8.04,0,2023,-9.86140869,-2.38157148,-6.30745061,247799.65625,2119.21558106847
319,42101001202,12.02,0,2023,-10.17783072,-3.20922801,-6.59327455,525644.83984375,3121.25979558614
320,42101001201,12.01,0,2023,-10.91630523,-2.78232683,-7.23059613,594000.0625,3419.35429229329
321,42101000803,8.03,0,2023,-9.27443487,-2.33705469,-6.15555813,260353.03515625,2194.6603307206
322,42101980900,9809,0,2023,,,,34980022.6132813,40164.9614984965
323,42101002702,27.02,0,2023,-8.2804413,-1.45734148,-5.41794165,625938.94921875,3312.803683579
324,42101003002,30.02,0,2023,0.88545796,0.03512359,0.88907469,386436.41015625,2512.90141645221
325,42101003001,30.01,0,2023,-1.57387933,0.2028533,-0.5564442,385746.25390625,2510.54145619303
326,42101002802,28.02,0,2023,-5.05027021,-0.20994911,-2.91896364,617503.40625,3509.17707016628
327,42101980700,9807,0,2023,,,,12784666.921875,19411.7109798505
328,42101002701,27.01,0,2023,-2.43797057,0.13199816,-1.43445842,382815.265625,2868.79928583571
329,42101980800,9808,0,2023,,,,3700754.921875,16463.1675781973
330,42101018002,180.02,0,2023,-4.60605617,0.09470831,-2.74630753,749961.77734375,3743.99781936877
331,42101008801,88.01,0,2023,-5.18433448,,-3.14957241,314820.7578125,2387.22420851149
332,42101012201,122.01,0,2023,1.9515428,0.30130839,1.0881402,615149.4765625,3789.43896826913
333,42101009801,98.01,0,2023,0.75861822,-1.3477514,0.45812621,512451.57421875,3149.00798030556
334,42101007101,71.01,1,2023,8.63184645,2.54043708,5.87833651,431291.5625,2926.10007229706
335,42101002801,28.01,0,2023,-2.61251474,0.24916975,-1.38189265,379603.609375,2860.60987392366
336,42101980500,9805,0,2023,,,,709270.92578125,3490.59849335105
337,42101037300,373,0,2023,-7.66934173,-0.25536765,-5.48451964,4653971.06640625,12061.8020505058
338,42101037200,372,0,2023,-2.81900072,1.41645485,-1.77485997,1750189.07421875,6662.076320844
339,42101980600,9806,0,2023,,,,2189298.25390625,8458.21056789403
340,42101033701,337.01,0,2023,-0.67434969,3.0264368,-0.52735066,1656157.01953125,7179.84929826247
341,42101026000,260,0,2023,2.26048281,-0.40494493,1.41248875,928152.04296875,3862.60497692288
342,42101026100,261,0,2023,5.51867327,0.99473986,3.51319449,1110098.0390625,4312.54335481492
343,42101026200,262,0,2023,3.47225032,-0.0800984,2.23933569,950337.3984375,4755.66576890554
344,42101034801,348.01,0,2023,-6.86701154,0.29597826,-4.8694087,2376134.45703125,8188.05893049327
345,42101026302,263.02,0,2023,3.88585918,0.25813945,2.84985773,1204273.2734375,4580.78189193406
346,42101026400,264,0,2023,4.01935714,0.3703008,2.70495004,1362116.4453125,5033.23880759022
347,42101026500,265,0,2023,3.98032661,0.5248464,2.84818734,932628.34375,3981.541233543
348,42101026600,266,0,2023,4.70579602,0.15194874,3.1751648,1557850.97265625,5081.2016549492
349,42101026700,267,1,2023,6.34344383,1.0079473,4.6345838,1100294.2578125,4201.87980163876
350,42101026800,268,0,2023,4.21751169,0.33247314,2.83833464,1329179,6016.86450688176
351,42101029900,299,0,2023,4.19712004,0.25887754,2.86623005,1009558.1796875,4468.08872994291
352,42101030000,300,0,2023,4.25037041,0.4908422,2.95802237,1554852.74609375,5738.8199847267
353,42101030100,301,0,2023,2.67608815,-0.35642963,1.8109598,1237862.3515625,4587.09695015674
354,42101030200,302,0,2023,1.10627259,-0.10889848,0.89625276,1539539.21875,5094.45499376396
355,42101030600,306,0,2023,-1.81426704,0.54919599,-1.26995808,1725151.4375,6038.19026941177
356,42101038300,383,0,2023,3.50974947,0.84469134,2.82279857,5229794.078125,10958.273449528
357,42101039000,390,0,2023,2.43205327,0.64113892,2.01400552,3472212.33984375,8761.97440778703
358,42101037800,378,0,2023,-7.23432864,-0.70063602,-5.04948386,9566825.453125,16775.7625099223
359,42101037700,377,0,2023,-0.50116536,-1.20614789,-0.267411,1256541.9375,4578.10785546555
360,42101028000,280,1,2023,6.74160556,0.97494354,4.67267892,1226439.47265625,4682.82823506721
361,42101028100,281,0,2023,3.30038445,0.27904367,2.36298396,859869.59375,4416.10232550417
362,42101028200,282,0,2023,6.15299483,-0.20215323,4.400811,1465561.8125,5665.63020949211
363,42101031800,318,0,2023,2.14373603,0.08954196,1.60243303,792655.8984375,4143.00731370078
364,42101031900,319,0,2023,-1.82506504,-0.09295981,-1.45546143,1320159.0390625,4788.75857012546
365,42101032000,320,0,2023,-4.89458478,-0.23702033,-3.24581531,1163651.73046875,4878.9574243384
366,42101032100,321,0,2023,-0.44003523,-0.86113291,-0.41584522,943227.5,3853.15264945592
367,42101032300,323,0,2023,-2.80905431,-0.79505472,-2.10372082,1023805.48828125,4239.28734696538
368,42101032500,325,0,2023,-1.63124814,0.31226459,-1.30020922,1433070.57421875,5588.38866312885
369,42101032600,326,0,2023,-3.82694817,-0.85373864,-2.60636773,1382958.30859375,5405.69498067082
370,42101989100,9891,0,2023,7.01296077,0,3.94959278,7015885.8203125,12280.1211725655
371,42101032900,329,0,2023,-3.09075039,0.29129226,-2.32715135,1615483.6875,5774.13393074302
372,42101033000,330,0,2023,-3.3247929,-0.02542688,-2.11339582,1249533.48046875,4887.0126053164
373,42101033200,332,0,2023,-5.99786498,-0.32025262,-4.23379948,1448591.5078125,5518.23925581688
374,42101980300,9803,0,2023,,,,13031034.2929688,14608.5857270366
375,42101035500,355,0,2023,-1.94240794,1.5941654,-1.54368735,3918887.12890625,8432.52287993729
376,42101035800,358,0,2023,-3.58910523,1.26463302,-2.91564444,3012808.6796875,7094.10307121743
377,42101035900,359,0,2023,-3.34479279,2.03060408,-2.67835416,3847075.28515625,8730.23083361895
378,42101036000,360,0,2023,-1.14982958,2.18912676,-0.56952061,3497020.81640625,8568.25164820294
379,42101036100,361,0,2023,-4.96914581,-0.80554253,-3.71896942,2106613.765625,7264.63568349443
380,42101036203,362.03,0,2023,-8.32378658,-0.77764527,-6.04888368,2627742.24609375,8497.0381436613
381,42101035302,353.02,0,2023,-6.90868044,-0.31725978,-5.04444407,2592388.36328125,7709.4936805598
382,42101036201,362.01,0,2023,-7.38265783,-0.23245011,-5.31892391,1790690.06640625,5822.82648572029
383,42101036302,363.02,0,2023,-6.57890646,-0.68509821,-4.68659382,872665.60546875,4433.35434231809
384,42101036900,369,0,2023,-6.7888631,-2.68695889,-4.45059977,3479009.55859375,9538.73470690457
